INSERT INTO items(item_id,item_name,item_type,availability,price) VALUES (1,'Pappardelle alla Bolognese','food',9,249);
INSERT INTO items(item_id,item_name,item_type,availability,price) VALUES (2,'Chicken Fajitas','bevarage',9,108);
INSERT INTO items(item_id,item_name,item_type,availability,price) VALUES (3,'Ebiten maki','food',1,131);
INSERT INTO items(item_id,item_name,item_type,availability,price) VALUES (4,'Tiramisù','bevarage',7,11);
INSERT INTO items(item_id,item_name,item_type,availability,price) VALUES (5,'Bruschette with Tomato','food',4,120);
INSERT INTO items(item_id,item_name,item_type,availability,price) VALUES (6,'Chicken milanese','bevarage',0,414);
INSERT INTO items(item_id,item_name,item_type,availability,price) VALUES (7,'Barbecue Ribs','bevarage',2,135);
INSERT INTO items(item_id,item_name,item_type,availability,price) VALUES (8,'Barbecue Ribs','bevarage',5,398);
INSERT INTO items(item_id,item_name,item_type,availability,price) VALUES (9,'Chicken milanese','food',1,280);
INSERT INTO ingredients(ing_id,ing_name,availability,price) VALUES (1,'Kidney Beans',7,332);
INSERT INTO ingredients(ing_id,ing_name,availability,price) VALUES (2,'Mangosteens',7,13);
INSERT INTO ingredients(ing_id,ing_name,availability,price) VALUES (3,'Haricot Beans',2,407);
INSERT INTO ingredients(ing_id,ing_name,availability,price) VALUES (4,'Mung Beans',8,71);
INSERT INTO ingredients(ing_id,ing_name,availability,price) VALUES (5,'Yellowtail Kingfish',2,205);
INSERT INTO ingredients(ing_id,ing_name,availability,price) VALUES (6,'Margarine',2,435);
INSERT INTO ingredients(ing_id,ing_name,availability,price) VALUES (7,'Edam',2,70);
INSERT INTO ingredients(ing_id,ing_name,availability,price) VALUES (8,'Apple juice',7,403);
INSERT INTO ingredients(ing_id,ing_name,availability,price) VALUES (9,'Apricots',6,266);
INSERT INTO persons(person_id,person_name,person_type,type_from,type_to,email,password,salary,address,phone_no) VALUES (1,'Michele Martin','Delivery Person','2012-09-22','2013-10-22','alexandrapena@example.net','password2',38426, 1,7013609398);
INSERT INTO persons(person_id,person_name,person_type,type_from,type_to,email,password,salary,address,phone_no) VALUES (2,'Kevin Whitaker','Delivery Manager','2012-01-12','2013-09-22','faithcunningham@example.com','password1',39880, 2, 9945911354);
INSERT INTO persons(person_id,person_name,person_type,type_from,type_to,email,password,salary,address,phone_no) VALUES (3,'Alicia Burke','Delivery Person','2012-12-19','2013-01-12','swansonbruce@example.org','password2',12966, 3,8648555500);
INSERT INTO persons(person_id,person_name,person_type,type_from,type_to,email,password,salary,address,phone_no) VALUES (4,'Daniel Ramsey','Premium Customer','2012-09-22','2013-01-12','heather82@example.net','password1',32232,4,7676531766);
INSERT INTO persons(person_id,person_name,person_type,type_from,type_to,email,password,salary,address,phone_no) VALUES (5,'Corey Gilbert','Kitchen Manager','2012-10-22','2013-10-22','simmonsgary@example.net','password2',15506,5,9908155934);
INSERT INTO persons(person_id,person_name,person_type,type_from,type_to,email,password,salary,address,phone_no) VALUES (6,'Jill Bright','Premium Customer','2012-01-12','2013-12-19','ymoore@example.org','password3',13552,6,9461636428);
INSERT INTO persons(person_id,person_name,person_type,type_from,type_to,email,password,salary,address,phone_no) VALUES (7,'Alison House','General Manager','2012-10-22','2013-10-22','seth87@example.org','password3',12015,7,9917277600);
INSERT INTO persons(person_id,person_name,person_type,type_from,type_to,email,password,salary,address,phone_no) VALUES (8,'Kenneth Donaldson','Kitchen Manager','2012-09-22','2013-10-22','rachelgarcia@example.org','password3',47198,8,8057143522);
INSERT INTO persons(person_id,person_name,person_type,type_from,type_to,email,password,salary,address,phone_no) VALUES (9,'Terrence Johnson','Food Server','2012-09-22','2013-12-19','jonathan35@example.org','password1',41776,9,8916103820);
INSERT INTO purchases(purchase_id,quantity,purchase_name,purchase_date,purchase_time) VALUES (1,1,'wholesale','2012-12-19','12:54:22');
INSERT INTO purchases(purchase_id,quantity,purchase_name,purchase_date,purchase_time) VALUES (2,9,'merchant','2012-12-19','23:45:32');
INSERT INTO purchases(purchase_id,quantity,purchase_name,purchase_date,purchase_time) VALUES (3,8,'shop','2012-01-12','12:54:22');
INSERT INTO purchases(purchase_id,quantity,purchase_name,purchase_date,purchase_time) VALUES (4,1,'merchant','2012-10-22','12:54:22');
INSERT INTO purchases(purchase_id,quantity,purchase_name,purchase_date,purchase_time) VALUES (5,3,'wholesale','2012-09-22','02:02:09');
INSERT INTO purchases(purchase_id,quantity,purchase_name,purchase_date,purchase_time) VALUES (6,6,'wholesale','2012-12-19','12:54:22');
INSERT INTO purchases(purchase_id,quantity,purchase_name,purchase_date,purchase_time) VALUES (7,6,'shop','2012-12-19','23:45:32');
INSERT INTO purchases(purchase_id,quantity,purchase_name,purchase_date,purchase_time) VALUES (8,3,'merchant','2012-09-22','02:02:09');
INSERT INTO purchases(purchase_id,quantity,purchase_name,purchase_date,purchase_time) VALUES (9,5,'shop','2012-10-22','23:45:32');
INSERT INTO tables(table_id,table_type,capacity,price) VALUES (1,'Outdoor',4,69);
INSERT INTO tables(table_id,table_type,capacity,price) VALUES (2,'Outdoor',3,295);
INSERT INTO tables(table_id,table_type,capacity,price) VALUES (3,'Outdoor',3,209);
INSERT INTO tables(table_id,table_type,capacity,price) VALUES (4,'Outdoor',2,78);
INSERT INTO tables(table_id,table_type,capacity,price) VALUES (5,'Family',3,46);
INSERT INTO tables(table_id,table_type,capacity,price) VALUES (6,'Normal',1,178);
INSERT INTO tables(table_id,table_type,capacity,price) VALUES (7,'Outdoor',7,477);
INSERT INTO tables(table_id,table_type,capacity,price) VALUES (8,'Outdoor',2,85);
INSERT INTO tables(table_id,table_type,capacity,price) VALUES (9,'Outdoor',3,372);
INSERT INTO delivery_persons(dp_id,dp_name,rating,primary_no,salary,secondary_no,phone_no) VALUES (1,'Ashley Cooper',2,837806,47932,258194,7143800994);
INSERT INTO delivery_persons(dp_id,dp_name,rating,primary_no,salary,secondary_no,phone_no) VALUES (2,'Bob Callahan',3,422786,27116,374960,9141141426);
INSERT INTO delivery_persons(dp_id,dp_name,rating,primary_no,salary,secondary_no,phone_no) VALUES (3,'Justin Banks',5,872856,25411,337286,7683623892);
INSERT INTO delivery_persons(dp_id,dp_name,rating,primary_no,salary,secondary_no,phone_no) VALUES (4,'Jason Smith',2,428114,12279,834597,9608453672);
INSERT INTO delivery_persons(dp_id,dp_name,rating,primary_no,salary,secondary_no,phone_no) VALUES (5,'Sarah Williams',1,716257,39789,737639,8008696882);
INSERT INTO delivery_persons(dp_id,dp_name,rating,primary_no,salary,secondary_no,phone_no) VALUES (6,'Clifford Campbell',2,424545,43270,259125,7592121732);
INSERT INTO delivery_persons(dp_id,dp_name,rating,primary_no,salary,secondary_no,phone_no) VALUES (7,'Jonathan Cummings',2,745893,17088,332957,9648859073);
INSERT INTO delivery_persons(dp_id,dp_name,rating,primary_no,salary,secondary_no,phone_no) VALUES (8,'Nicholas Walsh',3,779496,36019,864166,8047648797);
INSERT INTO delivery_persons(dp_id,dp_name,rating,primary_no,salary,secondary_no,phone_no) VALUES (9,'Lisa Garcia',1,457984,39070,864894,7531412302);
INSERT INTO item_feedback(item_f_id,item_id,person_id,feedback_txt,suggestions,rating) VALUES (1,1,570,'Good','Bad process',5);
INSERT INTO item_feedback(item_f_id,item_id,person_id,feedback_txt,suggestions,rating) VALUES (2,2,5955,'Excellent','Long time',3);
INSERT INTO item_feedback(item_f_id,item_id,person_id,feedback_txt,suggestions,rating) VALUES (3,3,3794,'Average','Found better option',3);
INSERT INTO item_feedback(item_f_id,item_id,person_id,feedback_txt,suggestions,rating) VALUES (4,4,5326,'Average','Not liked',2);
INSERT INTO item_feedback(item_f_id,item_id,person_id,feedback_txt,suggestions,rating) VALUES (5,5,4908,'Excellent','Bad process',1);
INSERT INTO item_feedback(item_f_id,item_id,person_id,feedback_txt,suggestions,rating) VALUES (6,6,6233,'Average','Long time',2);
INSERT INTO item_feedback(item_f_id,item_id,person_id,feedback_txt,suggestions,rating) VALUES (7,7,6443,'Excellent','Not liked',4);
INSERT INTO item_feedback(item_f_id,item_id,person_id,feedback_txt,suggestions,rating) VALUES (8,8,4157,'Average','Not liked',5);
INSERT INTO item_feedback(item_f_id,item_id,person_id,feedback_txt,suggestions,rating) VALUES (9,9,2988,'Excellent','Not liked',4);
INSERT INTO dp_feedback(dp_f_id,dp_id,person_id,feedback_txt,suggestions,rating) VALUES (1,1,6095,'Excellent','Not liked',1);
INSERT INTO dp_feedback(dp_f_id,dp_id,person_id,feedback_txt,suggestions,rating) VALUES (2,2,6460,'Average','Not liked',0);
INSERT INTO dp_feedback(dp_f_id,dp_id,person_id,feedback_txt,suggestions,rating) VALUES (3,3,6718,'Average','Bad process',1);
INSERT INTO dp_feedback(dp_f_id,dp_id,person_id,feedback_txt,suggestions,rating) VALUES (4,4,3412,'Excellent','Bad process',3);
INSERT INTO dp_feedback(dp_f_id,dp_id,person_id,feedback_txt,suggestions,rating) VALUES (5,5,4953,'Average','Bad process',5);
INSERT INTO dp_feedback(dp_f_id,dp_id,person_id,feedback_txt,suggestions,rating) VALUES (6,6,3940,'Good','Not liked',2);
INSERT INTO dp_feedback(dp_f_id,dp_id,person_id,feedback_txt,suggestions,rating) VALUES (7,7,6884,'Bad','Not liked',0);
INSERT INTO dp_feedback(dp_f_id,dp_id,person_id,feedback_txt,suggestions,rating) VALUES (8,8,4173,'Average','Bad process',3);
INSERT INTO dp_feedback(dp_f_id,dp_id,person_id,feedback_txt,suggestions,rating) VALUES (9,9,6383,'Average','Not liked',2);
INSERT INTO offline_orders(off_order_id,quantity,order_price,order_date,order_time) VALUES (1,9,468,'2012-09-22','23:45:32');
INSERT INTO offline_orders(off_order_id,quantity,order_price,order_date,order_time) VALUES (2,4,434,'2012-10-22','02:02:09');
INSERT INTO offline_orders(off_order_id,quantity,order_price,order_date,order_time) VALUES (3,1,98,'2012-01-12','12:54:22');
INSERT INTO offline_orders(off_order_id,quantity,order_price,order_date,order_time) VALUES (4,2,831,'2012-09-22','23:45:32');
INSERT INTO offline_orders(off_order_id,quantity,order_price,order_date,order_time) VALUES (5,1,239,'2012-12-19','02:02:09');
INSERT INTO offline_orders(off_order_id,quantity,order_price,order_date,order_time) VALUES (6,8,416,'2012-10-22','23:45:32');
INSERT INTO offline_orders(off_order_id,quantity,order_price,order_date,order_time) VALUES (7,9,502,'2012-10-22','13:55:12');
INSERT INTO offline_orders(off_order_id,quantity,order_price,order_date,order_time) VALUES (8,2,909,'2012-01-12','23:45:32');
INSERT INTO offline_orders(off_order_id,quantity,order_price,order_date,order_time) VALUES (9,9,856,'2012-09-22','13:55:12');
INSERT INTO online_orders(on_order_id,quantity,person_id,order_price,order_date,order_time,delivery_address,is_delivered,is_cancelled,estimated_time,dp_id,delivery_date,delivery_time) VALUES (1,7,3949,609,'2012-01-12','02:02:09',1,True,False,'03:03:09',3171,'2012-10-23','13:53:22');
INSERT INTO online_orders(on_order_id,quantity,person_id,order_price,order_date,order_time,delivery_address,is_delivered,is_cancelled,estimated_time,dp_id,delivery_date,delivery_time) VALUES (2,3,6713,859,'2012-09-22','02:02:09',2,True,False,'03:03:09',2979,'2012-10-23','03:03:09');
INSERT INTO online_orders(on_order_id,quantity,person_id,order_price,order_date,order_time,delivery_address,is_delivered,is_cancelled,estimated_time,dp_id,delivery_date,delivery_time) VALUES (3,2,809,973,'2012-01-12','12:54:22',3,True,False,'13:53:22',4741,'2012-10-23','13:53:22');
INSERT INTO online_orders(on_order_id,quantity,person_id,order_price,order_date,order_time,delivery_address,is_delivered,is_cancelled,estimated_time,dp_id,delivery_date,delivery_time) VALUES (4,9,349,250,'2012-10-22','02:02:09',4,True,False,'03:03:09',478,'2012-12-20','03:03:09');
INSERT INTO online_orders(on_order_id,quantity,person_id,order_price,order_date,order_time,delivery_address,is_delivered,is_cancelled,estimated_time,dp_id,delivery_date,delivery_time) VALUES (5,1,2037,416,'2012-12-19','02:02:09',5,True,False,'03:03:09',2817,'2012-09-23','03:03:09');
INSERT INTO online_orders(on_order_id,quantity,person_id,order_price,order_date,order_time,delivery_address,is_delivered,is_cancelled,estimated_time,dp_id,delivery_date,delivery_time) VALUES (6,7,1720,23,'2012-12-19','02:02:09',6,True,False,'23:50:32',92,'2012-12-20','13:53:22');
INSERT INTO online_orders(on_order_id,quantity,person_id,order_price,order_date,order_time,delivery_address,is_delivered,is_cancelled,estimated_time,dp_id,delivery_date,delivery_time) VALUES (7,8,1594,716,'2012-12-19','13:55:12',7,True,False,'23:50:32',460,'2012-12-20','13:53:22');
INSERT INTO online_orders(on_order_id,quantity,person_id,order_price,order_date,order_time,delivery_address,is_delivered,is_cancelled,estimated_time,dp_id,delivery_date,delivery_time) VALUES (8,7,2677,759,'2012-09-22','13:55:12',8,True,False,'23:50:32',6648,'2012-12-20','03:03:09');
INSERT INTO online_orders(on_order_id,quantity,person_id,order_price,order_date,order_time,delivery_address,is_delivered,is_cancelled,estimated_time,dp_id,delivery_date,delivery_time) VALUES (9,5,1644,930,'2012-01-12','02:02:09',9,True,False,'14:55:12',5663,'2012-12-20','03:03:09');
INSERT INTO coupons(coupon_id,coupon_txt,coupon_type,availability,start_date,end_date) VALUES (1,'Bug 2 get 1','premium',4,'2012-12-19','2013-10-22');
INSERT INTO coupons(coupon_id,coupon_txt,coupon_type,availability,start_date,end_date) VALUES (2,'Free Discount','premium',0,'2012-10-22','2013-12-19');
INSERT INTO coupons(coupon_id,coupon_txt,coupon_type,availability,start_date,end_date) VALUES (3,'Free Discount','premium',9,'2012-12-19','2013-01-12');
INSERT INTO coupons(coupon_id,coupon_txt,coupon_type,availability,start_date,end_date) VALUES (4,'Free Discount','premium',2,'2012-10-22','2013-01-12');
INSERT INTO coupons(coupon_id,coupon_txt,coupon_type,availability,start_date,end_date) VALUES (5,'50 discount','free',0,'2012-09-22','2013-12-19');
INSERT INTO coupons(coupon_id,coupon_txt,coupon_type,availability,start_date,end_date) VALUES (6,'Free Discount','free',7,'2012-12-19','2013-10-22');
INSERT INTO coupons(coupon_id,coupon_txt,coupon_type,availability,start_date,end_date) VALUES (7,'Buy 1 get 1','premium',7,'2012-12-19','2013-09-22');
INSERT INTO coupons(coupon_id,coupon_txt,coupon_type,availability,start_date,end_date) VALUES (8,'50 discount','premium',9,'2012-01-12','2013-01-12');
INSERT INTO coupons(coupon_id,coupon_txt,coupon_type,availability,start_date,end_date) VALUES (9,'Free Discount','premium',5,'2012-10-22','2013-10-22');
INSERT INTO cancellations(c_id,on_order_id,c_reason,date,time) VALUES (1,4654,'Found better option','2012-01-12','12:54:22');
INSERT INTO cancellations(c_id,on_order_id,c_reason,date,time) VALUES (2,2108,'Not liked','2012-12-19','23:45:32');
INSERT INTO cancellations(c_id,on_order_id,c_reason,date,time) VALUES (3,4132,'Long time','2012-10-22','12:54:22');
INSERT INTO cancellations(c_id,on_order_id,c_reason,date,time) VALUES (4,32,'Long time','2012-01-12','13:55:12');
INSERT INTO cancellations(c_id,on_order_id,c_reason,date,time) VALUES (5,810,'Long time','2012-01-12','12:54:22');
INSERT INTO cancellations(c_id,on_order_id,c_reason,date,time) VALUES (6,1139,'Long time','2012-09-22','23:45:32');
INSERT INTO cancellations(c_id,on_order_id,c_reason,date,time) VALUES (7,1629,'Not liked','2012-12-19','23:45:32');
INSERT INTO cancellations(c_id,on_order_id,c_reason,date,time) VALUES (8,1478,'Found better option','2012-09-22','23:45:32');
INSERT INTO cancellations(c_id,on_order_id,c_reason,date,time) VALUES (9,5437,'Bad process','2012-12-19','02:02:09');

